{
  "Logistic Regression": {
    "parameters": {
      "C": 50,
      "class_weight": {
        "0": 1,
        "1": 3
      },
      "max_iter": 2000,
      "penalty": "l1",
      "solver": "saga"
    },
    "threshold": 0.95,
    "performance": {
      "accuracy": 0.9201388888888888,
      "precision": 0.3157894736842105,
      "recall": 0.375,
      "f1": 0.34285714285714286,
      "auc": 0.6989889705882353
    }
  },
  "Random Forest": {
    "parameters": {
      "n_estimators": 100,
      "min_samples_split": 2,
      "min_samples_leaf": 1,
      "max_features": "sqrt",
      "max_depth": 15,
      "class_weight": "balanced_subsample",
      "bootstrap": false
    },
    "threshold": 0.30999999999999994,
    "performance": {
      "accuracy": 0.9305555555555556,
      "precision": 0.3888888888888889,
      "recall": 0.4375,
      "f1": 0.4117647058823529,
      "auc": 0.7053079044117647
    }
  },
  "Gradient Boosting": {
    "parameters": {
      "subsample": 1.0,
      "n_estimators": 100,
      "min_samples_split": 2,
      "min_samples_leaf": 2,
      "max_features": "log2",
      "max_depth": 10,
      "learning_rate": 0.05
    },
    "threshold": 0.19,
    "performance": {
      "accuracy": 0.9270833333333334,
      "precision": 0.35294117647058826,
      "recall": 0.375,
      "f1": 0.36363636363636365,
      "auc": 0.7120863970588236
    }
  },
  "Neural Network": {
    "parameters": {
      "solver": "adam",
      "max_iter": 1000,
      "learning_rate_init": 0.001,
      "learning_rate": "constant",
      "hidden_layer_sizes": [
        150,
        100,
        50
      ],
      "alpha": 0.1,
      "activation": "relu"
    },
    "threshold": 0.055,
    "performance": {
      "accuracy": 0.875,
      "precision": 0.1875,
      "recall": 0.375,
      "f1": 0.25,
      "auc": 0.7093290441176471
    }
  },
  "Ensemble (Voting)": {
    "parameters": {
      "estimators": [
        "Random Forest",
        "Gradient Boosting",
        "Logistic Regression"
      ]
    },
    "threshold": 0.44499999999999995,
    "performance": {
      "accuracy": 0.9270833333333334,
      "precision": 0.3684210526315789,
      "recall": 0.4375,
      "f1": 0.4,
      "auc": 0.71484375
    }
  }
}