Model,Accuracy,Precision,Recall,F1-Score,ROC-AUC,Time (s)
Logistic Regression,0.7361111111111112,0.13414634146341464,0.6875,0.22448979591836735,0.7166819852941176,0.013915061950683594
Neural Network,0.9166666666666666,0.21428571428571427,0.1875,0.2,0.7047334558823529,0.3944370746612549
Random Forest,0.9340277777777778,0.2857142857142857,0.125,0.17391304347826086,0.739889705882353,0.0959939956665039
