{
  "model_name": "XGBoost",
  "optimization_method": "Advanced Boosting + Stacking",
  "performance": {
    "accuracy": 0.9479166666666666,
    "precision": 0.5454545454545454,
    "recall": 0.375,
    "f1": 0.4444444444444444,
    "auc": 0.7143841911764706
  },
  "all_models": {
    "XGBoost": {
      "accuracy": 0.9479166666666666,
      "precision": 0.5454545454545454,
      "recall": 0.375,
      "f1": 0.4444444444444444,
      "auc": 0.7143841911764706
    },
    "LightGBM": {
      "accuracy": 0.9270833333333334,
      "precision": 0.2727272727272727,
      "recall": 0.1875,
      "f1": 0.2222222222222222,
      "auc": 0.7095588235294118
    },
    "CatBoost": {
      "accuracy": 0.9270833333333334,
      "precision": 0.2727272727272727,
      "recall": 0.1875,
      "f1": 0.2222222222222222,
      "auc": 0.7065716911764707
    },
    "Random_Forest": {
      "accuracy": 0.9305555555555556,
      "precision": 0.16666666666666666,
      "recall": 0.0625,
      "f1": 0.09090909090909091,
      "auc": 0.7355238970588235
    },
    "Stacking_Ensemble": {
      "accuracy": 0.9236111111111112,
      "precision": 0.25,
      "recall": 0.1875,
      "f1": 0.21428571428571427,
      "auc": 0.7072610294117647
    }
  }
}