{
  "accuracy": 0.8888888888888888,
  "precision": 0.05555555555555555,
  "recall": 0.0625,
  "sensitivity": 0.0625,
  "f1_score": 0.058823529411764705,
  "specificity": 0.9375,
  "roc_auc": 0.4488740808823529,
  "tn": 255,
  "fp": 17,
  "fn": 15,
  "tp": 1,
  "confusion_matrix": [
    [
      255,
      17
    ],
    [
      15,
      1
    ]
  ]
}