{
  "efficientnet_b0": {
    "model": "efficientnet_b0",
    "accuracy": 0.5384615384615384,
    "precision": 0.5476190476190476,
    "recall": 0.5476190476190476,
    "f1": 0.5260770975056689,
    "auc": 0.7967532467532468
  },
  "efficientnet_b2": {
    "model": "efficientnet_b2",
    "accuracy": 0.6153846153846154,
    "precision": 0.5142857142857143,
    "recall": 0.5952380952380951,
    "f1": 0.5221088435374149,
    "auc": 0.8088744588744589
  },
  "resnet50": {
    "model": "resnet50",
    "accuracy": 0.3076923076923077,
    "precision": 0.1357142857142857,
    "recall": 0.21428571428571427,
    "f1": 0.16326530612244897,
    "auc": 0.7097402597402598
  },
  "mobilenetv3": {
    "model": "mobilenetv3",
    "accuracy": 0.38461538461538464,
    "precision": 0.11904761904761904,
    "recall": 0.23809523809523808,
    "f1": 0.15306122448979592,
    "auc": 0.8963203463203463
  },
  "densenet121": {
    "model": "densenet121",
    "accuracy": 0.46153846153846156,
    "precision": 0.2755102040816327,
    "recall": 0.4047619047619047,
    "f1": 0.3095238095238095,
    "auc": 0.7712121212121211
  }
}