{
  "model": "EfficientNet-B0",
  "img_size": 224,
  "batch_size": 16,
  "epochs_trained": 20,
  "best_val_acc": 0.42857142857142855,
  "test_metrics": {
    "accuracy": 0.38461538461538464,
    "precision": 0.23809523809523808,
    "recall": 0.2619047619047619,
    "f1": 0.21428571428571427
  },
  "training_history": {
    "train_loss": [
      1.9643553098042805,
      1.9021822611490886,
      1.9147601922353108,
      1.8949050108591716,
      1.831940770149231,
      1.8073032299677532,
      1.7936640580495198,
      1.7530728181203206,
      1.7192687193552654,
      1.6968541145324707,
      1.6418623526891072,
      1.6008166472117107,
      1.5779118935267131,
      1.5253228743871052,
      1.4780588547388713,
      1.403103272120158,
      1.3130508661270142,
      1.299072265625,
      1.3096456130345662,
      1.2381850481033325
    ],
    "train_acc": [
      0.13953488372093023,
      0.27906976744186046,
      0.18604651162790697,
      0.23255813953488372,
      0.3023255813953488,
      0.4418604651162791,
      0.4186046511627907,
      0.37209302325581395,
      0.3953488372093023,
      0.4186046511627907,
      0.5116279069767442,
      0.4883720930232558,
      0.5116279069767442,
      0.5581395348837209,
      0.5813953488372093,
      0.6976744186046512,
      0.627906976744186,
      0.6744186046511628,
      0.6511627906976745,
      0.7209302325581395
    ],
    "val_loss": [
      1.9476357698440552,
      1.9385443925857544,
      1.9234708547592163,
      1.9041239023208618,
      1.8872994184494019,
      1.883675217628479,
      1.87848961353302,
      1.8768491744995117,
      1.8783553838729858,
      1.8747707605361938,
      1.8907500505447388,
      1.9093267917633057,
      1.9095348119735718,
      1.916972279548645,
      1.942657709121704,
      1.9392726421356201,
      1.943603515625,
      1.9424254894256592,
      1.9554731845855713,
      1.9599312543869019
    ],
    "val_acc": [
      0.0,
      0.14285714285714285,
      0.14285714285714285,
      0.14285714285714285,
      0.14285714285714285,
      0.14285714285714285,
      0.2857142857142857,
      0.2857142857142857,
      0.14285714285714285,
      0.42857142857142855,
      0.2857142857142857,
      0.2857142857142857,
      0.2857142857142857,
      0.2857142857142857,
      0.14285714285714285,
      0.14285714285714285,
      0.2857142857142857,
      0.2857142857142857,
      0.14285714285714285,
      0.2857142857142857
    ]
  }
}