{
  "model_name": "Random Forest",
  "parameters": {
    "n_estimators": 100,
    "min_samples_split": 2,
    "min_samples_leaf": 1,
    "max_features": "sqrt",
    "max_depth": 15,
    "class_weight": "balanced_subsample",
    "bootstrap": false
  },
  "threshold": 0.30999999999999994,
  "performance": {
    "accuracy": 0.9305555555555556,
    "precision": 0.3888888888888889,
    "recall": 0.4375,
    "f1": 0.4117647058823529,
    "auc": 0.7053079044117647
  }
}