Model,Accuracy,Precision,Recall,F1-Score,ROC-AUC,Time (s)
Neural Network,0.7215189873417721,0.1984175810062016,0.19867601985562647,0.19505872066568025,0.48299432794291797,25.34060311317444
Random Forest,0.8001460564751705,0.16002921129503409,0.2,0.17779580797836375,0.5071464361330252,4.230210065841675
Logistic Regression,0.11976630963972736,0.19586958661572407,0.18549083281288026,0.09171684213592907,0.4884231172885074,0.23502707481384277
