{
    "model_name": "LightGBM",
    "feature_names": [
        "0",
        "1",
        "2",
        "3",
        "4",
        "5",
        "6",
        "7",
        "8",
        "9",
        "10",
        "11",
        "12",
        "13",
        "14",
        "15",
        "16",
        "17",
        "18",
        "19"
    ],
    "target_mapping": {
        "No_Disease": 0,
        "Low_Risk": 1,
        "Moderate_Risk": 2,
        "High_Risk": 3,
        "Severe_Disease": 4
    },
    "performance": {
        "Model": "LightGBM",
        "Accuracy": 0.7701327433628319,
        "Precision": 0.45565720072985644,
        "Recall": 0.30204177228703183,
        "F1_Score": 0.32646176016989187,
        "AUC_ROC": 0.0
    }
}