{
  "Logistic Regression": {
    "model_name": "Logistic Regression",
    "training_time": 0.23502707481384277,
    "train_accuracy": 0.28039558767592243,
    "train_precision": 0.2761135927234593,
    "train_recall": 0.28039558767592243,
    "train_f1": 0.27066269762462136,
    "train_roc_auc": 0.5890493664239795,
    "test_accuracy": 0.11976630963972736,
    "test_precision": 0.19586958661572407,
    "test_recall": 0.18549083281288026,
    "test_f1": 0.09171684213592907,
    "test_roc_auc": 0.4884231172885074,
    "confusion_matrix": [
      [
        38,
        29,
        40,
        15,
        42
      ],
      [
        94,
        63,
        113,
        42,
        99
      ],
      [
        47,
        26,
        30,
        23,
        38
      ],
      [
        778,
        499,
        808,
        340,
        862
      ],
      [
        21,
        11,
        19,
        10,
        21
      ]
    ]
  },
  "Random Forest": {
    "model_name": "Random Forest",
    "training_time": 4.230210065841675,
    "train_accuracy": 0.9738303537466717,
    "train_precision": 0.9768583921964347,
    "train_recall": 0.9738303537466718,
    "train_f1": 0.9743736497061531,
    "train_roc_auc": 0.9999992930767092,
    "test_accuracy": 0.8001460564751705,
    "test_precision": 0.16002921129503409,
    "test_recall": 0.2,
    "test_f1": 0.17779580797836375,
    "test_roc_auc": 0.5071464361330252,
    "confusion_matrix": [
      [
        0,
        0,
        0,
        164,
        0
      ],
      [
        0,
        0,
        0,
        411,
        0
      ],
      [
        0,
        0,
        0,
        164,
        0
      ],
      [
        0,
        0,
        0,
        3287,
        0
      ],
      [
        0,
        0,
        0,
        82,
        0
      ]
    ]
  },
  "Neural Network": {
    "model_name": "Neural Network",
    "training_time": 25.34060311317444,
    "train_accuracy": 0.9919665271966527,
    "train_precision": 0.9919997309866858,
    "train_recall": 0.9919665271966528,
    "train_f1": 0.9919737278769324,
    "train_roc_auc": 0.9997166669970271,
    "test_accuracy": 0.7215189873417721,
    "test_precision": 0.1984175810062016,
    "test_recall": 0.19867601985562647,
    "test_f1": 0.19505872066568025,
    "test_roc_auc": 0.48299432794291797,
    "confusion_matrix": [
      [
        1,
        11,
        4,
        147,
        1
      ],
      [
        7,
        24,
        6,
        371,
        3
      ],
      [
        5,
        9,
        6,
        142,
        2
      ],
      [
        68,
        205,
        53,
        2933,
        28
      ],
      [
        4,
        6,
        1,
        71,
        0
      ]
    ]
  }
}