{
  "accuracy": 0.1,
  "precision_macro": 0.07142857142857142,
  "recall_macro": 0.07142857142857142,
  "sensitivity": 0.07142857142857142,
  "f1_macro": 0.07142857142857142,
  "specificity": 0.8531746031746031,
  "roc_auc_macro": 0.4880952380952381,
  "precision_per_class": [
    0.0,
    0.0,
    0.0,
    0.0,
    0.5,
    0.0,
    0.0
  ],
  "recall_per_class": [
    0.0,
    0.0,
    0.0,
    0.0,
    0.5,
    0.0,
    0.0
  ],
  "f1_per_class": [
    0.0,
    0.0,
    0.0,
    0.0,
    0.5,
    0.0,
    0.0
  ],
  "confusion_matrix": [
    [
      0,
      0,
      0,
      0,
      1,
      0,
      0
    ],
    [
      1,
      0,
      0,
      0,
      0,
      0,
      0
    ],
    [
      2,
      0,
      0,
      0,
      0,
      0,
      0
    ],
    [
      2,
      0,
      0,
      0,
      0,
      0,
      0
    ],
    [
      1,
      0,
      0,
      0,
      1,
      0,
      0
    ],
    [
      1,
      0,
      0,
      0,
      0,
      0,
      0
    ],
    [
      0,
      0,
      0,
      1,
      0,
      0,
      0
    ]
  ]
}