{
  "accuracy": 0.1,
  "balanced_accuracy": 0.14285714285714285,
  "precision_macro": 0.03571428571428571,
  "recall_macro": 0.14285714285714285,
  "f1_macro": 0.05714285714285715,
  "specificity_macro": 0.8571428571428571,
  "precision_micro": 0.1,
  "recall_micro": 0.1,
  "f1_micro": 0.1,
  "precision_weighted": 0.025,
  "recall_weighted": 0.1,
  "f1_weighted": 0.04,
  "cohen_kappa": 0.0,
  "mcc": 0.0,
  "roc_auc_macro": 0.47023809523809523,
  "roc_auc_weighted": 0.39166666666666666,
  "log_loss": 8.432586140011264,
  "brier_score": 0.19525194478630936,
  "confusion_matrix": [
    [
      0,
      0,
      0,
      0,
      0,
      1,
      0
    ],
    [
      0,
      0,
      0,
      0,
      0,
      1,
      0
    ],
    [
      0,
      2,
      0,
      0,
      0,
      0,
      0
    ],
    [
      1,
      1,
      0,
      0,
      0,
      0,
      0
    ],
    [
      0,
      2,
      0,
      0,
      0,
      0,
      0
    ],
    [
      0,
      0,
      0,
      0,
      0,
      1,
      0
    ],
    [
      0,
      0,
      0,
      0,
      0,
      1,
      0
    ]
  ],
  "precision_per_class": [
    0.0,
    0.0,
    0.0,
    0.0,
    0.0,
    0.25,
    0.0
  ],
  "recall_per_class": [
    0.0,
    0.0,
    0.0,
    0.0,
    0.0,
    1.0,
    0.0
  ],
  "specificity_per_class": [
    0.8888888888888888,
    0.4444444444444444,
    1.0,
    1.0,
    1.0,
    0.6666666666666666,
    1.0
  ],
  "f1_per_class": [
    0.0,
    0.0,
    0.0,
    0.0,
    0.0,
    0.4,
    0.0
  ],
  "support_per_class": [
    1,
    1,
    2,
    2,
    2,
    1,
    1
  ],
  "classification_report": "              precision    recall  f1-score   support\n\n      Type 1       0.00      0.00      0.00         1\n      Type 2       0.00      0.00      0.00         1\n      Type 3       0.00      0.00      0.00         2\n      Type 4       0.00      0.00      0.00         2\n      Type 5       0.00      0.00      0.00         2\n      Type 6       0.25      1.00      0.40         1\n      Type 7       0.00      0.00      0.00         1\n\n    accuracy                           0.10        10\n   macro avg       0.04      0.14      0.06        10\nweighted avg       0.03      0.10      0.04        10\n",
  "class_names": [
    "Type 1",
    "Type 2",
    "Type 3",
    "Type 4",
    "Type 5",
    "Type 6",
    "Type 7"
  ]
}